-- ============================================
-- Ethereal 社交应用 - 测试数据
-- ============================================

-- 请先选择 frients 数据库后再执行此脚本

-- ============================================
-- 1. 用户数据（10个上海地区测试用户）
-- ============================================
INSERT INTO `t_user` (`id`, `phone`, `nickname`, `avatar`, `gender`, `birthday`, `bio`, `profession`, `city`, `longitude`, `latitude`, `verified`, `vibe_score`, `vip_level`, `status`, `last_login_time`) VALUES
(1,  '13800001001', '林小晴',    'https://cdn.ethereal.com/avatar/1.jpg',  2, '1998-03-15', '喜欢旅行和摄影，用镜头记录生活的美好',       '摄影师',     '上海', 121.4737230, 31.2303904, 1, 850,  2, 1, '2026-03-30 18:30:00'),
(2,  '13800001002', 'Kevin',      'https://cdn.ethereal.com/avatar/2.jpg',  1, '1995-07-22', '程序员一枚，热爱跑步和音乐',               '软件工程师',  '上海', 121.4491500, 31.2356100, 0, 620,  0, 1, '2026-03-30 20:15:00'),
(3,  '13800001003', '苏雨桐',    'https://cdn.ethereal.com/avatar/3.jpg',  2, '1999-11-08', '一个爱画画的女孩，偶尔弹弹吉他',            'UI设计师',    '上海', 121.4625800, 31.2281500, 1, 920,  1, 1, '2026-03-31 09:00:00'),
(4,  '13800001004', 'David',      'https://cdn.ethereal.com/avatar/4.jpg',  1, '1996-01-30', '健身爱好者，也喜欢尝试各种美食',            '金融分析师',  '上海', 121.4382700, 31.2196300, 0, 730,  1, 1, '2026-03-30 22:45:00'),
(5,  '13800001005', '陈思语',    'https://cdn.ethereal.com/avatar/5.jpg',  2, '2000-05-12', '咖啡控，书虫，偶尔追追剧',                  '编辑',       '上海', 121.4856900, 31.2425800, 0, 560,  0, 1, '2026-03-29 14:20:00'),
(6,  '13800001006', 'Alex',       'https://cdn.ethereal.com/avatar/6.jpg',  1, '1994-09-03', '创业中，喜欢结交有趣的人',                  '创业者',     '上海', 121.4512300, 31.2518700, 1, 880,  2, 1, '2026-03-31 08:10:00'),
(7,  '13800001007', '叶知秋',    'https://cdn.ethereal.com/avatar/7.jpg',  2, '1997-12-25', '瑜伽老师，热爱生活，享受当下',              '瑜伽教练',    '上海', 121.4698100, 31.2157600, 0, 770,  0, 1, '2026-03-30 16:30:00'),
(8,  '13800001008', 'Jason',      'https://cdn.ethereal.com/avatar/8.jpg',  1, '1993-04-18', '旅行博主，去过30个国家',                    '自由职业',    '上海', 121.4421600, 31.2389400, 1, 950,  2, 1, '2026-03-31 10:00:00'),
(9,  '13800001009', '沈梦瑶',    'https://cdn.ethereal.com/avatar/9.jpg',  2, '2001-08-07', '在读研究生，喜欢打羽毛球和看电影',          '学生',       '上海', 121.4953200, 31.2472100, 0, 430,  0, 1, '2026-03-28 21:00:00'),
(10, '13800001010', 'Michael',    'https://cdn.ethereal.com/avatar/10.jpg', 1, '1992-06-14', '音乐人，吉他手，偶尔写写歌',               '音乐制作人',  '上海', 121.4578900, 31.2265300, 1, 810,  1, 1, '2026-03-30 23:55:00');

-- ============================================
-- 2. 用户兴趣标签
-- ============================================
INSERT INTO `t_user_tag` (`user_id`, `tag_name`, `tag_category`) VALUES
-- 用户1 林小晴
(1, '摄影',   '兴趣爱好'),
(1, '旅行',   '兴趣爱好'),
(1, '咖啡',   '生活方式'),
-- 用户2 Kevin
(2, '跑步',   '运动健身'),
(2, '编程',   '兴趣爱好'),
(2, '音乐',   '兴趣爱好'),
(2, '游戏',   '兴趣爱好'),
-- 用户3 苏雨桐
(3, '绘画',   '兴趣爱好'),
(3, '吉他',   '兴趣爱好'),
(3, '设计',   '职业技能'),
-- 用户4 David
(4, '健身',   '运动健身'),
(4, '美食',   '生活方式'),
(4, '投资',   '职业技能'),
(4, '篮球',   '运动健身'),
-- 用户5 陈思语
(5, '阅读',   '兴趣爱好'),
(5, '咖啡',   '生活方式'),
(5, '写作',   '兴趣爱好'),
-- 用户6 Alex
(6, '创业',   '职业技能'),
(6, '科技',   '兴趣爱好'),
(6, '骑行',   '运动健身'),
(6, '红酒',   '生活方式'),
-- 用户7 叶知秋
(7, '瑜伽',   '运动健身'),
(7, '冥想',   '生活方式'),
(7, '烘焙',   '兴趣爱好'),
-- 用户8 Jason
(8, '旅行',   '兴趣爱好'),
(8, '摄影',   '兴趣爱好'),
(8, '潜水',   '运动健身'),
(8, '美食',   '生活方式'),
-- 用户9 沈梦瑶
(9, '羽毛球', '运动健身'),
(9, '电影',   '兴趣爱好'),
(9, '学术',   '职业技能'),
-- 用户10 Michael
(10, '吉他',  '兴趣爱好'),
(10, '音乐',  '兴趣爱好'),
(10, '录音',  '职业技能'),
(10, '旅行',  '兴趣爱好');

-- ============================================
-- 3. 用户照片
-- ============================================
INSERT INTO `t_user_photo` (`user_id`, `photo_url`, `sort_order`, `audit_status`) VALUES
(1, 'https://cdn.ethereal.com/photo/1_1.jpg', 0, 1),
(1, 'https://cdn.ethereal.com/photo/1_2.jpg', 1, 1),
(2, 'https://cdn.ethereal.com/photo/2_1.jpg', 0, 1),
(3, 'https://cdn.ethereal.com/photo/3_1.jpg', 0, 1),
(3, 'https://cdn.ethereal.com/photo/3_2.jpg', 1, 1),
(3, 'https://cdn.ethereal.com/photo/3_3.jpg', 2, 1),
(4, 'https://cdn.ethereal.com/photo/4_1.jpg', 0, 1),
(5, 'https://cdn.ethereal.com/photo/5_1.jpg', 0, 1),
(6, 'https://cdn.ethereal.com/photo/6_1.jpg', 0, 1),
(6, 'https://cdn.ethereal.com/photo/6_2.jpg', 1, 1),
(7, 'https://cdn.ethereal.com/photo/7_1.jpg', 0, 1),
(8, 'https://cdn.ethereal.com/photo/8_1.jpg', 0, 1),
(8, 'https://cdn.ethereal.com/photo/8_2.jpg', 1, 1),
(8, 'https://cdn.ethereal.com/photo/8_3.jpg', 2, 0),
(9, 'https://cdn.ethereal.com/photo/9_1.jpg', 0, 1),
(10, 'https://cdn.ethereal.com/photo/10_1.jpg', 0, 1);

-- ============================================
-- 4. 喜欢记录（含互相喜欢）
-- ============================================
INSERT INTO `t_user_like` (`user_id`, `target_user_id`, `action_type`, `is_mutual`) VALUES
-- 用户2 Kevin 喜欢 用户1 林小晴，互相喜欢
(2, 1, 1, 1),
(1, 2, 1, 1),
-- 用户4 David 喜欢 用户3 苏雨桐，互相喜欢
(4, 3, 1, 1),
(3, 4, 1, 1),
-- 用户6 Alex 超级喜欢 用户7 叶知秋，互相喜欢
(6, 7, 2, 1),
(7, 6, 1, 1),
-- 用户8 Jason 喜欢 用户1 林小晴（单向）
(8, 1, 1, 0),
-- 用户10 Michael 喜欢 用户3 苏雨桐（单向）
(10, 3, 1, 0),
-- 用户2 Kevin 跳过 用户5 陈思语
(2, 5, 3, 0),
-- 用户9 沈梦瑶 喜欢 用户8 Jason，互相喜欢
(9, 8, 1, 1),
(8, 9, 1, 1),
-- 用户5 陈思语 喜欢 用户10 Michael（单向）
(5, 10, 1, 0);

-- ============================================
-- 5. 会话（互相喜欢后自动创建）
-- ============================================
INSERT INTO `t_conversation` (`id`, `user_id_a`, `user_id_b`, `last_msg_content`, `last_msg_time`, `unread_count_a`, `unread_count_b`, `status`) VALUES
(1, 1, 2, '周末有空一起去拍照吗？',          '2026-03-30 20:30:00', 0, 1, 1),
(2, 3, 4, '那家新开的日料店要不要一起去试试', '2026-03-30 19:15:00', 1, 0, 1),
(3, 6, 7, '明天的瑜伽课几点开始呀？',        '2026-03-31 08:20:00', 0, 0, 1),
(4, 8, 9, '那部电影真的很好看！',             '2026-03-30 21:45:00', 0, 1, 1);

-- ============================================
-- 6. 聊天消息
-- ============================================
INSERT INTO `t_chat_message` (`conversation_id`, `sender_id`, `msg_type`, `content`, `is_read`) VALUES
-- 会话1：林小晴 和 Kevin
(1, 2, 1, '嗨，看到你也喜欢摄影，太巧了！',       1),
(1, 1, 1, '是呀！你平时喜欢拍什么题材呢？',       1),
(1, 2, 1, '主要拍风景和街拍，你呢？',             1),
(1, 1, 1, '我比较喜欢人文和旅行摄影',             1),
(1, 2, 1, '周末有空一起去拍照吗？',               0),
-- 会话2：苏雨桐 和 David
(2, 4, 1, '你的画画的真好看！在哪里学的呀？',     1),
(2, 3, 1, '谢谢！自学的，从小就喜欢画画',         1),
(2, 4, 1, '那家新开的日料店要不要一起去试试',     0),
-- 会话3：Alex 和 叶知秋
(3, 6, 1, '你好呀，我对瑜伽很感兴趣',             1),
(3, 7, 1, '欢迎来体验！我每周在静安寺附近有课',   1),
(3, 6, 1, '太好了，我就住在附近',                 1),
(3, 7, 1, '那很方便，周末有初级班',               1),
(3, 6, 1, '明天的瑜伽课几点开始呀？',             1),
-- 会话4：Jason 和 沈梦瑶
(4, 8, 1, '最近看了什么好电影推荐一下？',         1),
(4, 9, 1, '刚看了一部法国文艺片，超级好看',       1),
(4, 8, 1, '那部电影真的很好看！',                 0);

-- ============================================
-- 7. 动态
-- ============================================
INSERT INTO `t_moment` (`id`, `user_id`, `content`, `images`, `longitude`, `latitude`, `location_name`, `like_count`, `comment_count`, `audit_status`, `status`, `created_at`) VALUES
(1, 1, '今天在外滩拍到了绝美的日落，分享给大家', '["https://cdn.ethereal.com/moment/1_1.jpg", "https://cdn.ethereal.com/moment/1_2.jpg"]', 121.4908900, 31.2397800, '上海外滩', 8, 3, 1, 1, '2026-03-28 17:30:00'),
(2, 3, '周末画了一幅水彩，春天的感觉', '["https://cdn.ethereal.com/moment/2_1.jpg"]', 121.4625800, 31.2281500, '上海徐汇', 12, 2, 1, 1, '2026-03-29 10:00:00'),
(3, 6, '新项目上线了！感谢团队的努力', NULL, 121.4512300, 31.2518700, '上海杨浦', 5, 1, 1, 1, '2026-03-29 15:00:00'),
(4, 8, '在泰国清迈的周末市集，好多有趣的手工艺品', '["https://cdn.ethereal.com/moment/4_1.jpg", "https://cdn.ethereal.com/moment/4_2.jpg", "https://cdn.ethereal.com/moment/4_3.jpg"]', 121.4421600, 31.2389400, '上海静安', 15, 4, 1, 1, '2026-03-30 12:00:00'),
(5, 7, '今天的瑜伽课主题是「平衡与呼吸」，大家练得很认真', '["https://cdn.ethereal.com/moment/5_1.jpg"]', 121.4698100, 31.2157600, '上海长宁', 6, 1, 1, 1, '2026-03-30 18:00:00'),
(6, 10, '新写了一首歌，录了个小样，大家听听怎么样？', NULL, 121.4578900, 31.2265300, '上海闵行', 9, 2, 1, 1, '2026-03-31 01:00:00');

-- ============================================
-- 8. 动态评论
-- ============================================
INSERT INTO `t_moment_comment` (`moment_id`, `user_id`, `content`, `parent_id`) VALUES
-- 动态1的评论
(1, 2, '拍得太好了！光线好美',              0),
(1, 3, '外滩的日落永远看不腻',              0),
(1, 8, '这个角度很专业啊',                  0),
-- 动态2的评论
(2, 1, '好漂亮的配色！',                    0),
(2, 10, '很有春天的气息',                   0),
-- 动态3的评论
(3, 4, '恭喜恭喜！',                        0),
-- 动态4的评论
(4, 1, '清迈好棒，好想去！',                0),
(4, 7, '手工艺品好精致',                    0),
(4, 9, '我上次去也逛了这个市集',            0),
(4, 2, '羡慕旅行博主的生活',                0),
-- 动态5的评论
(5, 6, '今天的课真的很棒，下次还来',        0),
-- 动态6的评论
(6, 3, '好听！和弦进行很舒服',              0),
(6, 2, '期待完整版！',                      0);

-- ============================================
-- 9. 动态点赞
-- ============================================
INSERT INTO `t_moment_like` (`moment_id`, `user_id`) VALUES
(1, 2), (1, 3), (1, 4), (1, 6), (1, 7), (1, 8), (1, 9), (1, 10),
(2, 1), (2, 4), (2, 5), (2, 6), (2, 7), (2, 8), (2, 9), (2, 10), (2, 2), (2, 3),
(3, 1), (3, 4), (3, 7), (3, 8), (3, 2),
(4, 1), (4, 2), (4, 3), (4, 5), (4, 6), (4, 7), (4, 9), (4, 10),
(4, 4),  -- 补到15个赞不够，实际按like_count=15先这样
(5, 1), (5, 3), (5, 6), (5, 8), (5, 9), (5, 10),
(6, 1), (6, 2), (6, 3), (6, 5), (6, 7), (6, 8), (6, 9), (6, 4);

-- ============================================
-- 10. 管理员
-- ============================================
INSERT INTO `t_admin` (`username`, `password`, `role`, `status`) VALUES
-- 密码明文为 admin123（BCrypt，与 Sa-Token BCrypt.checkpw 兼容）
('admin', '$2b$10$n1KYIq8TMu1oEnDwRz2B1.d3vY.5kjYozcg2O.8j3cogWTHw0ooD.', 'admin', 1);

-- ============================================
-- 11. 系统配置
-- ============================================
INSERT INTO `t_system_config` (`config_key`, `config_value`, `description`) VALUES
('daily_like_limit',        '30',       '每日喜欢次数限制'),
('daily_super_like_limit',  '3',        '每日超级喜欢次数限制'),
('nearby_radius_km',        '50',       '附近的人搜索半径(km)'),
('chat_msg_max_length',     '500',      '聊天消息最大字数'),
('moment_img_max_count',    '9',        '动态最大图片数'),
('vip_price_monthly',       '30.00',    'VIP月费(元)'),
('vip_price_yearly',        '298.00',   'VIP年费(元)'),
('audit_auto_pass',         'false',    '是否自动审核通过'),
('report_threshold',        '5',        '举报阈值(达到后自动封禁)'),
('app_version_latest',      '1.2.0',    '最新APP版本号'),
('app_download_url',        'https://cdn.ethereal.com/download/ethereal-latest.apk', 'APP下载地址'),
('privacy_policy_url',      'https://www.ethereal.com/privacy', '隐私政策地址');
